{
  "hip20635": { "ra":  77.697510, "dec":   9.669605, "name": "κ Ori (サイフ)" },
  "hip24436": { "ra":  88.792939, "dec":   7.407064, "name": "α Ori (ベテルギウス)" },
  "hip24448": { "ra":  86.939120, "dec":   4.582222, "name": "β Ori (リゲル)" },
  "hip25336": { "ra":  81.282764, "dec":   6.349703, "name": "γ Ori (ベラトリックス)" },
  "hip26207": { "ra":  83.001667, "dec":  -0.299167, "name": "δ Ori (ミンタカ)" },
  "hip26311": { "ra":  84.053389, "dec":   1.201917, "name": "ε Ori (アルニラム)" },
  "hip26727": { "ra":  85.189694, "dec":  -1.942572, "name": "ζ Ori (アルニタク)" },
  "hip32349": { "ra": 101.287155, "dec": -16.716116, "name": "α CMa (シリウス)" },
  "enddummy": { "ra":   0.000000, "dec":   0.000000, "name": "最終行ダミー" }
}
