{
  "HIP_27989"  : { "ra":  88.792939, "dec":   7.407064, "name": "α Ori (ベテルギウス)" },
  "HIP_24436"  : { "ra":  78.634467, "dec":  -8.201638, "name": "β Ori (リゲル)" },
  "HIP_25336"  : { "ra":  81.282764, "dec":   6.349703, "name": "γ Ori (ベラトリックス)" },
  "HIP_25930"  : { "ra":  82.994762, "dec":  -0.305207, "name": "δ Ori (ミンタカ)" },
  "HIP_26311"  : { "ra":  84.053389, "dec":  -1.201919, "name": "ε Ori (アルニラム)" },
  "HIP_26727"  : { "ra":  85.189696, "dec":  -1.942572, "name": "ζ Ori (アルニタク)" },
  "HIP_27366"  : { "ra":  87.189130, "dec":  -9.669606, "name": "κ Ori (サイフ)" },

  "HIP_36850"  : { "ra": 113.649472, "dec":  31.888282, "name": "α Gem（カストル）" },
  "HIP_37826"  : { "ra": 116.328958, "dec":  28.026199, "name": "β Gem（ポルックス）" },
  "HIP_36366"  : { "ra": 112.277995, "dec":  31.784549, "name": "ρ Gem" },
  "HIP_37629"  : { "ra": 115.827875, "dec":  28.884083, "name": "σ Gem" },

  "HIP_9884"   : { "ra":  31.793357, "dec":  23.462418, "name": "α Ari（ハマル）" },
  "HIP_8903"   : { "ra":  28.660046, "dec":  20.808031, "name": "β Ari（シェラタン）" },
  "HIP_8832"   : { "ra":  28.382562, "dec":  19.293855, "name": "γ Ari（メサルティム）" },

  "HIP_100345" : { "ra": 305.252805, "dec": -14.781383, "name": "β Cap（ダビー）" },
  "HIP_106723" : { "ra": 324.270128, "dec": -19.466013, "name": "ε Cap" },
  "HIP_105881" : { "ra": 321.666776, "dec": -22.411335, "name": "ζ Cap" },
  "HIP_104139" : { "ra": 316.486783, "dec": -17.232862, "name": "θ Cap" },
  "HIP_105515" : { "ra": 320.561649, "dec": -16.834544, "name": "ι Cap" },
  "HIP_106985" : { "ra": 325.022735, "dec": -16.662308, "name": "ν Cap（ナシラ）" },
  "HIP_102485" : { "ra": 311.523886, "dec": -25.270898, "name": "ψ Cap" },
  "HIP_102978" : { "ra": 312.955379, "dec": -26.919136, "name": "ω Cap" },

  "HIP_32349"  : { "ra": 101.287155, "dec": -16.716116, "name": "α CMa (シリウス)" }
}
