{
  "HIP_100345": {
    "ra": 305.25277749238,
    "dec": -14.78140760208
  },
  "HIP_100453": {
    "ra": 305.55709098208337,
    "dec": 40.25667915638889
  },
  "HIP_101421": {
    "ra": 308.30322026626874,
    "dec": 11.303266387445278
  },
  "HIP_101483": {
    "ra": 308.4876747698,
    "dec": 13.02720386545
  },
  "HIP_101769": {
    "ra": 309.3872554152033,
    "dec": 14.5950887473128
  },
  "HIP_101800": {
    "ra": 309.45466569066,
    "dec": 11.37767523155
  },
  "HIP_101916": {
    "ra": 309.78244478240197,
    "dec": 10.086192130957777
  },
  "HIP_101958": {
    "ra": 309.90949848153707,
    "dec": 15.912160008943609
  },
  "HIP_102098": {
    "ra": 310.35797975307673,
    "dec": 45.280338806527574
  },
  "HIP_102155": {
    "ra": 310.48542276102995,
    "dec": 41.71687448417
  },
  "HIP_102281": {
    "ra": 310.8647231393717,
    "dec": 15.074578684846113
  },
  "HIP_102485": {
    "ra": 311.5238874801846,
    "dec": -25.27089819194861
  },
  "HIP_102488": {
    "ra": 311.55280115351087,
    "dec": 33.97032834364584
  },
  "HIP_102531": {
    "ra": 311.66192102518,
    "dec": 16.124128271850005
  },
  "HIP_102978": {
    "ra": 312.95537723912,
    "dec": -26.91913484546
  },
  "HIP_104139": {
    "ra": 316.4867853131225,
    "dec": -17.232862837423333
  },
  "HIP_104732": {
    "ra": 318.23410828951364,
    "dec": 30.226898680620003
  },
  "HIP_105515": {
    "ra": 320.5616499287887,
    "dec": -16.834543892793892
  },
  "HIP_105881": {
    "ra": 321.66679439709753,
    "dec": -22.41132034516556
  },
  "HIP_106278": {
    "ra": 322.88971698347876,
    "dec": -5.5711748280636115
  },
  "HIP_1067": {
    "ra": 3.3089681209050004,
    "dec": 15.18359842959389
  },
  "HIP_106723": {
    "ra": 324.27012965392,
    "dec": -19.466011222169442
  },
  "HIP_106985": {
    "ra": 325.0226892543413,
    "dec": -16.66237119824361
  },
  "HIP_107315": {
    "ra": 326.04648391416663,
    "dec": 9.875008653333333
  },
  "HIP_10826": {
    "ra": 34.83663375759996,
    "dec": -2.9776376730729166
  },
  "HIP_109074": {
    "ra": 331.4459814409479,
    "dec": -0.3198509554241667
  },
  "HIP_109427": {
    "ra": 332.5499525505046,
    "dec": 6.1979215882049985
  },
  "HIP_113368": {
    "ra": 344.4126927211701,
    "dec": -29.622237033389442
  },
  "HIP_113881": {
    "ra": 345.9435727452067,
    "dec": 28.082787124606668
  },
  "HIP_113963": {
    "ra": 346.19022269142596,
    "dec": 15.205267147927536
  },
  "HIP_11484": {
    "ra": 37.0398210789746,
    "dec": 8.4600602248073
  },
  "HIP_11767": {
    "ra": 37.954560670189856,
    "dec": 89.26410896994187
  },
  "HIP_118268": {
    "ra": 359.82787585186003,
    "dec": 6.863322339196111
  },
  "HIP_12387": {
    "ra": 39.87065353077333,
    "dec": 0.32850866536999995
  },
  "HIP_12706": {
    "ra": 40.825162898112545,
    "dec": 3.2358163764959436
  },
  "HIP_12828": {
    "ra": 41.23557227441292,
    "dec": 10.114144927239167
  },
  "HIP_13954": {
    "ra": 44.928718911895004,
    "dec": 8.907385887939999
  },
  "HIP_14135": {
    "ra": 45.56988780332224,
    "dec": 4.089738771805157
  },
  "HIP_14328": {
    "ra": 46.19925046367875,
    "dec": 53.50646183498722
  },
  "HIP_14576": {
    "ra": 47.04221855625,
    "dec": 40.95564667027778
  },
  "HIP_15863": {
    "ra": 51.08070871833333,
    "dec": 49.86117929305556
  },
  "HIP_17358": {
    "ra": 55.73122001957376,
    "dec": 47.787496738188054
  },
  "HIP_17499": {
    "ra": 56.218904540787506,
    "dec": 24.11333785002
  },
  "HIP_17573": {
    "ra": 56.45670064515208,
    "dec": 24.36774376828833
  },
  "HIP_17608": {
    "ra": 56.58160786306708,
    "dec": 23.948358938116662
  },
  "HIP_17702": {
    "ra": 56.871152303749994,
    "dec": 24.105135651944444
  },
  "HIP_17847": {
    "ra": 57.29059607421416,
    "dec": 24.053417133280284
  },
  "HIP_17851": {
    "ra": 57.29673582413,
    "dec": 24.13671019778
  },
  "HIP_20205": {
    "ra": 64.94834968291876,
    "dec": 15.627642051424726
  },
  "HIP_20455": {
    "ra": 65.73372983164,
    "dec": 17.54251383399
  },
  "HIP_20885": {
    "ra": 67.14374134289625,
    "dec": 15.962283658173055
  },
  "HIP_20889": {
    "ra": 67.15416772966458,
    "dec": 19.18043420581389
  },
  "HIP_21421": {
    "ra": 68.9801627900154,
    "dec": 16.5093023507718
  },
  "HIP_23015": {
    "ra": 74.24841676022209,
    "dec": 33.166093772077225
  },
  "HIP_23416": {
    "ra": 75.49222653615,
    "dec": 43.82331030981
  },
  "HIP_23453": {
    "ra": 75.61951434554709,
    "dec": 41.07583198882223
  },
  "HIP_23767": {
    "ra": 76.6287255888596,
    "dec": 41.23447574166194
  },
  "HIP_24436": {
    "ra": 78.63446706693006,
    "dec": -8.201638364722209
  },
  "HIP_24608": {
    "ra": 79.17232794433404,
    "dec": 45.99799146983673
  },
  "HIP_25336": {
    "ra": 81.28276355652378,
    "dec": 6.3497032644440665
  },
  "HIP_25428": {
    "ra": 81.57297133176498,
    "dec": 28.607451724998228
  },
  "HIP_25930": {
    "ra": 83.00166705557675,
    "dec": -0.29909510708333326
  },
  "HIP_26224": {
    "ra": 83.82190603333,
    "dec": -5.387936316139999
  },
  "HIP_26311": {
    "ra": 84.05338894077023,
    "dec": -1.2019191358333312
  },
  "HIP_26451": {
    "ra": 84.41118926291666,
    "dec": 21.14254411222222
  },
  "HIP_26727": {
    "ra": 85.18969442793068,
    "dec": -1.9425735859722049
  },
  "HIP_27366": {
    "ra": 86.93912016833333,
    "dec": -9.66960491861111
  },
  "HIP_27989": {
    "ra": 88.79293899077537,
    "dec": 7.407063995272694
  },
  "HIP_30122": {
    "ra": 95.07830016583333,
    "dec": -30.063366733888888
  },
  "HIP_30324": {
    "ra": 95.67493896958332,
    "dec": -17.955918708888888
  },
  "HIP_30788": {
    "ra": 97.04253341978293,
    "dec": -32.580068342677784
  },
  "HIP_3092": {
    "ra": 9.831679638429584,
    "dec": 30.86098357599195
  },
  "HIP_31592": {
    "ra": 99.17099032848041,
    "dec": -19.25588040351555
  },
  "HIP_3179": {
    "ra": 10.126846007691249,
    "dec": 56.537329217042775
  },
  "HIP_32349": {
    "ra": 101.28715533333335,
    "dec": -16.71611586111111
  },
  "HIP_32759": {
    "ra": 102.46024630194668,
    "dec": -32.508478839148054
  },
  "HIP_33152": {
    "ra": 103.53313445883,
    "dec": -24.18421097264
  },
  "HIP_33160": {
    "ra": 103.54749525536,
    "dec": -12.038628101049998
  },
  "HIP_3333": {
    "ra": 10.62913248499,
    "dec": 40.9537262363
  },
  "HIP_33347": {
    "ra": 104.0342691434642,
    "dec": -17.05423863054111
  },
  "HIP_33579": {
    "ra": 104.65645315148348,
    "dec": -28.972086157360806
  },
  "HIP_33856": {
    "ra": 105.42978350186792,
    "dec": -27.934830340443888
  },
  "HIP_33977": {
    "ra": 105.75613058900544,
    "dec": -23.833293974200288
  },
  "HIP_34045": {
    "ra": 105.93955612216459,
    "dec": -15.633287003608888
  },
  "HIP_34444": {
    "ra": 107.09785021416667,
    "dec": -26.39319957888889
  },
  "HIP_35037": {
    "ra": 108.70272505556083,
    "dec": -26.772667556726386
  },
  "HIP_35904": {
    "ra": 111.02375950100142,
    "dec": -29.303105508471724
  },
  "HIP_36366": {
    "ra": 112.27799528660326,
    "dec": 31.784549252299783
  },
  "HIP_36850": {
    "ra": 113.64947163976585,
    "dec": 31.88828221646326
  },
  "HIP_37279": {
    "ra": 114.82549790798149,
    "dec": 5.224987557059477
  },
  "HIP_37629": {
    "ra": 115.82803204470962,
    "dec": 28.8835088440125
  },
  "HIP_37826": {
    "ra": 116.32895777437875,
    "dec": 28.02619889009357
  },
  "HIP_3786": {
    "ra": 12.170601310553335,
    "dec": 7.585081917256668
  },
  "HIP_3881": {
    "ra": 12.45352635157333,
    "dec": 41.07891089498556
  },
  "HIP_41704": {
    "ra": 127.56612565266667,
    "dec": 60.718168223941106
  },
  "HIP_41822": {
    "ra": 127.89887483424998,
    "dec": 18.09441817296
  },
  "HIP_41909": {
    "ra": 128.17706751071,
    "dec": 20.441162241020002
  },
  "HIP_42806": {
    "ra": 130.82144642293792,
    "dec": 21.468498799990275
  },
  "HIP_42911": {
    "ra": 131.17124658768913,
    "dec": 18.154308069054167
  },